,x1,x2,x3,target,date
0,10.78914702311586,27.286683652506383,11.775043442037648,16.616958039219963,2017-01-01
1,9.910168036852959,28.11560425498884,11.836738233679126,16.618993382902303,2017-01-02
2,9.92167990002933,25.97963631532302,11.181377886025317,16.279763010815824,2017-01-03
3,9.233654428061927,23.07261930641416,10.225684663190249,15.67370665282544,2017-01-04
4,8.757417692851687,23.125527207334077,9.104205455579338,15.18811511237656,2017-01-05
5,9.016890518142676,21.54332792924443,8.633319435618947,14.741183272926184,2017-01-06
6,9.000077918571979,21.570856415484638,7.909902488306568,14.380248647268795,2017-01-07
7,9.869895966317914,21.94520094518959,7.831837312665558,14.17957796611723,2017-01-08
8,10.041279183169255,23.32074404251728,7.492314658357562,14.089835690651569,2017-01-09
9,10.28116383694517,26.51349551199053,8.248639169317787,14.228526912936497,2017-01-10
10,10.591550107934962,28.111504489249416,9.33384289202483,14.481972561157358,2017-01-11
11,10.911753365598369,29.073345167903092,10.148772029802686,14.784270912742565,2017-01-12
12,10.92582706781425,29.348232187991467,10.728583097527563,15.072917757936475,2017-01-13
13,11.256105611407087,30.59677523898331,10.794819583069701,15.384195054198218,2017-01-14
14,11.822434421967525,30.069456272067274,10.756615226441598,15.648085127282434,2017-01-15
15,11.76096636338221,30.160906908953105,9.96417465223252,15.843449165132943,2017-01-16
16,10.618397324586473,29.764897871852607,9.414572621915372,15.930962549572213,2017-01-17
17,9.749548205195744,30.89063342809737,8.83062747384034,15.994357365332705,2017-01-18
18,9.810487682116845,32.66494203718128,9.441660744872085,16.140210222151865,2017-01-19
19,9.028950101101813,32.48954033214626,9.281297049454125,16.226946919105625,2017-01-20
20,8.875798522271122,29.731337784852606,9.044821141815584,16.18999478645273,2017-01-21
21,9.704402739431034,27.60447451477642,8.643802235462127,16.097243991890632,2017-01-22
22,10.708569379192856,26.504566459109185,9.032038296025998,16.025581601432393,2017-01-23
23,11.257052259633548,25.853153389327876,8.838857580099656,15.951872559642936,2017-01-24
24,12.355511164680888,26.812205234457284,8.105663506996615,15.931894989964292,2017-01-25
25,12.406772188836362,25.585864902904614,8.293697021339511,15.880551165840894,2017-01-26
26,11.909426415332264,24.056082685534598,8.665576161609728,15.778930311107947,2017-01-27
27,11.41079798016345,25.03120570867672,9.044849561037815,15.716919521370919,2017-01-28
28,12.230739742055084,26.721345726276958,8.270483623818977,15.719311609886285,2017-01-29
29,13.03943319527847,25.204681318191753,7.170025436040748,15.661550617863924,2017-01-30
30,14.14333031758047,27.30678612446041,7.24909262916839,15.71805526635651,2017-01-31
31,15.183732985098308,27.122818191410328,7.676857402363833,15.810869176009058,2017-02-01
32,15.82484751732169,28.157948066305487,9.024385443627153,15.99299038790079,2017-02-02
33,15.709561123232898,28.36596363126731,9.916028519620998,16.18869066478019,2017-02-03
34,16.229367588929932,26.273392750390023,10.569296617631018,16.33486107378039,2017-02-04
35,18.882433475682408,26.641842265984863,11.34717608096665,16.58928201820176,2017-02-05
36,20.762073664392954,26.89676080936091,12.185028274346417,16.914256198144457,2017-02-06
37,21.173953430340696,28.588485939969633,11.996565805301382,17.26867547868058,2017-02-07
38,19.48099044300722,30.014012024432848,11.003670227161079,17.547713848269094,2017-02-08
39,18.01373597371593,30.19742396706736,10.946525678509124,17.756411376641026,2017-02-09
40,18.513654216175677,31.44852633566881,10.717390748093363,17.993372431244783,2017-02-10
41,18.17486918860968,32.49020141005123,9.895860414696907,18.20346005152767,2017-02-11
42,17.52116781461224,32.35341048778918,9.505922559114387,18.355515091238047,2017-02-12
43,16.453994901264732,30.994580953529415,9.103025864019482,18.402789603645513,2017-02-13
44,16.130380976953827,28.19969107198779,7.994948965410579,18.311114832636093,2017-02-14
45,15.92237363723983,29.233013365709265,7.4307149566412445,18.236567840686018,2017-02-15
46,16.462058625721887,32.03044130149452,7.106640808601744,18.264787552821307,2017-02-16
47,15.225365538690296,33.8920538539742,6.4846975698315426,18.290392451632787,2017-02-17
48,14.904401767771096,32.7791568737948,5.827534962976607,18.24731466903029,2017-02-18
49,15.557275861145934,31.907445570849926,5.385418323832298,18.18744020846243,2017-02-19
50,15.145769695213358,32.248442530107276,4.748112587115594,18.11090022776482,2017-02-20
51,14.379072339505301,34.28244414698028,4.638626682755447,18.078262195293224,2017-02-21
52,15.747586893036477,38.97457912352362,4.555405696630681,18.237571519642277,2017-02-22
53,15.919809957497293,41.71582972364522,4.192461264821173,18.46224555148114,2017-02-23
54,16.908744637519785,43.640745626745954,4.072264876865844,18.753717192643787,2017-02-24
55,16.379335411794237,38.8495307645397,3.7342597134606366,18.838960921752456,2017-02-25
56,18.494407463450727,35.25212818443875,3.5251494204571125,18.86276513911714,2017-02-26
57,19.339464559388297,36.088285229339974,3.402813137325952,18.933455917942084,2017-02-27
58,20.870808189058696,36.366160793827504,3.826422926954707,19.067813299945886,2017-02-28
59,21.30274487054827,38.579820859358364,3.7963434576989763,19.271844143673935,2017-03-01
60,20.86623391442814,38.849166885375325,4.012311363951336,19.4580804315242,2017-03-02
61,21.48138524943529,40.30065038105148,4.0239694812661835,19.692131632258562,2017-03-03
62,22.44189494903847,46.82867313140442,3.9516991101587933,20.1375419094237,2017-03-04
63,23.373164651949292,52.45149380402352,3.989474304332055,20.74832337357427,2017-03-05
64,23.634279478129947,56.694993395851824,3.93582092527521,21.441426065787557,2017-03-06
65,22.635859970878297,63.597477229489485,4.269802897880516,22.265304040991065,2017-03-07
66,25.3979745245324,70.0988836483932,4.518782424739318,23.31062271975703,2017-03-08
67,26.84449845128694,71.07319238720454,4.60514956687078,24.336029221584244,2017-03-09
68,25.182262295495423,63.971961090171284,4.277761177781957,24.97855205136362,2017-03-10
69,24.255019055051502,58.88945212902611,4.400679307999929,25.375198375179355,2017-03-11
70,25.176991871341194,59.446270806108195,4.680273530678081,25.789687655130027,2017-03-12
71,26.295741759480524,55.75094794866044,5.014390425643362,26.09450780405983,2017-03-13
72,27.78219486255795,59.60839951957536,5.203564121638262,26.54455242835273,2017-03-14
73,24.08363041397921,61.37991699230089,5.169702683977337,26.890446843914717,2017-03-15
74,21.8088143943967,55.07973161292442,5.67496518527927,26.949944563735016,2017-03-16
75,20.22848856050102,53.19936439315324,6.174635574285648,26.910725043117722,2017-03-17
76,19.88939657648032,56.46820109314378,6.492616298144268,26.977317872691966,2017-03-18
77,20.60829657133333,53.16280544612868,6.356169473218382,26.952019190268828,2017-03-19
78,21.182029983214825,48.820685151637285,6.707424052545149,26.821679651046836,2017-03-20
79,20.32652835761013,50.42813623669228,6.45043065931029,26.71919728907689,2017-03-21
80,19.065807707890578,48.60393700738636,6.3972858738278875,26.527735776987242,2017-03-22
81,16.473826161664213,47.695442354969934,6.483386842904942,26.247005656695247,2017-03-23
82,14.392395209790156,50.32384731893029,6.550448038644957,26.01205829078884,2017-03-24
83,13.709435847490326,49.7650310371826,6.372648988945869,25.754650621943487,2017-03-25
84,13.467596891163833,44.05343655974916,6.129349107599526,25.326743524578436,2017-03-26
85,13.359013862752981,42.46024348673059,6.675304916694252,24.902865500484044,2017-03-27
86,12.884993494778223,40.85853239135744,7.642381946021477,24.484118118175008,2017-03-28
87,14.070762772552534,46.423594025263164,8.73880118904831,24.35150620634158,2017-03-29
88,13.42332752969141,50.53889258727013,8.76663767584439,24.341270646772376,2017-03-30
89,14.024693826168864,53.56578712987677,8.198535560370491,24.428180145133325,2017-03-31
90,15.30958663020983,55.26383910645836,7.569929245638789,24.5808891968762,2017-04-01
91,15.99378447597875,52.28237538562978,7.1196440958146585,24.63284548764392,2017-04-02
92,13.88514564080908,50.44314639266821,7.494931009307281,24.567621307934516,2017-04-03
93,12.814332997945257,47.14125954807282,7.086435836931145,24.35828259877704,2017-04-04
94,12.064103498317882,46.486360443617436,7.0108318884227,24.122146484944846,2017-04-05
95,12.900688507606404,46.1620432485114,6.735438581294928,23.91572034477861,2017-04-06
96,12.434537486138126,46.243326972692685,6.392307648541619,23.705878853994122,2017-04-07
97,11.286165464378048,47.560295566022916,5.821250180323166,23.50317470595212,2017-04-08
98,11.404741809133546,52.40246909214522,5.44005110965483,23.46350536426542,2017-04-09
99,11.80889580376532,53.29483446448361,5.576766163304493,23.472618581815656,2017-04-10
100,11.465531253646153,54.48002699153645,5.4763109528372915,23.504171582490446,2017-04-11
101,10.44564709182726,55.56573331159165,5.531715091751942,23.536559371631764,2017-04-12
102,10.170174570059611,59.21652219498671,5.471782815583482,23.670084816777702,2017-04-13
103,10.932952244315405,61.265528365026974,5.459175280135569,23.878989405587546,2017-04-14
104,10.408772992876772,54.364937062373194,4.9487428608857815,23.818823073705556,2017-04-15
105,10.193213367751158,54.5919449319108,4.797159645142327,23.75992540742975,2017-04-16
106,10.669579783061529,58.17792323054187,5.117316131637282,23.844306189229616,2017-04-17
107,11.529113880039247,61.7650235860495,5.473542077937574,24.071666929439868,2017-04-18
108,12.948048036098307,54.55819291933247,5.6172094017528185,24.100215947930057,2017-04-19
109,12.514577555963132,51.18451891598732,6.007112184698141,24.01868302474493,2017-04-20
110,12.313882533208766,50.232669242994156,5.708850389846161,23.89924399123714,2017-04-21
111,13.482723352284044,45.44377981770545,5.78325168383242,23.67964034799452,2017-04-22
112,14.245625304475706,43.002104187868376,5.395754811725995,23.4158063641628,2017-04-23
113,14.542604358722448,45.56622412124444,5.997834600198213,23.28567963398466,2017-04-24
114,13.715656664785268,47.9445583956844,6.551821942940488,23.233984130809294,2017-04-25
115,13.087047412155924,53.4604063078494,6.841481749859248,23.349850405391535,2017-04-26
116,12.248450985340787,57.89277917776852,7.113661536819088,23.576283544142246,2017-04-27
117,11.465073929789924,60.3833150127191,6.971730667444532,23.830557416245764,2017-04-28
118,10.806866532413933,54.35152125254938,7.204087174303966,23.857922987927783,2017-04-29
119,10.063931470132545,52.62626223264971,7.36482691229537,23.810195315049942,2017-04-30
120,10.991868903874726,46.20775415990091,7.690560456489164,23.60465897038155,2017-05-01
121,11.46994649779636,39.77353204343272,7.093557016856117,23.212563310420702,2017-05-02
122,11.379003306883366,32.61892964126181,7.096272700872985,22.629823068544777,2017-05-03
123,12.97693490673118,26.841920477014444,6.798025125246355,21.961319388576825,2017-05-04
124,15.209571647679972,25.610423662701923,6.826795929792379,21.3882058841065,2017-05-05
125,16.993606284846827,27.1975784967895,6.974255989468819,20.97969940446254,2017-05-06
126,16.9586668709377,28.085395456269886,6.756464115048468,20.629663617762088,2017-05-07
127,15.805077950751546,28.120298700168497,6.594425937148145,20.272380696392705,2017-05-08
128,15.914224729966548,30.174693801826418,6.0204424837856125,19.998734023456404,2017-05-09
129,15.28315782648719,30.65534389983515,5.517470022194633,19.73035279413254,2017-05-10
130,14.36364266477681,32.09924709860859,5.828899675589159,19.513539691609278,2017-05-11
131,13.368302050630422,33.32519467436524,6.632408395789826,19.349664638674493,2017-05-12
132,13.283967201699916,39.106232282964434,6.445021339174875,19.37437221644245,2017-05-13
133,12.628026530682954,45.430140919325254,6.365098731230678,19.572357562620926,2017-05-14
134,13.020456752158367,43.75397809227638,6.264605587174923,19.708177535817104,2017-05-15
135,14.870999362484579,39.48412457752401,6.707623715686248,19.7690868930074,2017-05-16
136,17.096989909595187,38.532293206076545,7.6495259554755055,19.893894729740595,2017-05-17
137,19.060221343686635,38.030312826668165,8.4067281911333,20.076652075626377,2017-05-18
138,20.837593045000503,34.40850883696849,8.597285743664127,20.190205885761355,2017-05-19
139,22.06157344236655,30.823204251473356,8.412224184656857,20.213032855101666,2017-05-20
140,23.90129786057748,28.39183007719238,8.362634624420078,20.213556529075674,2017-05-21
141,25.204637469367782,26.992022252790154,8.71781554048564,20.222161001067906,2017-05-22
142,23.165636691023053,26.649551952016377,9.265590414858291,20.172329513249874,2017-05-23
143,22.69701905675056,25.080092444164453,9.40539429694567,20.0675418411729,2017-05-24
144,22.731271817888373,26.113476160675773,9.54546500900538,20.0105859371556,2017-05-25
145,25.500553394812705,27.746689660182497,9.75968434589392,20.10408201540663,2017-05-26
146,29.387183621553273,30.58211654733617,10.873235863669848,20.43500122458472,2017-05-27
147,31.74953998337779,32.09688904338453,10.63203755778941,20.848983340771543,2017-05-28
148,33.456231328916125,32.183997557816674,10.125309805686488,21.2643835377355,2017-05-29
149,33.057434049013644,29.95848724960643,9.422717753428168,21.53607195754587,2017-05-30
150,31.755324803806268,27.29760399458209,9.157916892230594,21.649286239959224,2017-05-31
151,33.04086878849197,25.739148767327567,8.165326011793884,21.712058108913922,2017-06-01
152,30.316412356529273,24.61233778851656,7.596369807435152,21.63000454104351,2017-06-02
153,26.801842159135543,23.604563132692924,6.9438468932305435,21.393064124317288,2017-06-03
154,25.640277124105353,24.0979520726443,7.054679771539284,21.160946829493586,2017-06-04
155,26.809528636850697,24.511728535846977,7.499004975283648,21.01442320049444,2017-06-05
156,27.22483855221324,22.39697867846998,7.839801551516245,20.839017307222132,2017-06-06
157,30.149778638992608,21.43252614364922,8.614496092994646,20.766102373320873,2017-06-07
158,35.14087205199205,22.386069982826204,9.45921559277047,20.913420184174623,2017-06-08
159,37.773821070467186,22.29928323327301,10.381210423488044,21.155837803168023,2017-06-09
160,39.5389709571533,22.066649941991198,10.13775968777678,21.415910645012957,2017-06-10
161,39.82123157882653,23.476066077061212,10.447771954143754,21.714368742319895,2017-06-11
162,38.42228432409211,23.81625394346152,8.960988234860814,21.90469446468137,2017-06-12
163,35.61295446045091,25.134908186212517,8.262457696981112,22.008280187631595,2017-06-13
164,33.839152078181584,25.650337109478585,8.08748380251708,22.057056644151658,2017-06-14
165,32.438158454996284,25.187658001375958,9.003423722710467,22.07145170665152,2017-06-15
166,33.089189763103626,23.915535837982784,9.454804938686316,22.079156453889563,2017-06-16
167,35.04798846323784,22.022870223189308,9.782559020422344,22.09851290603875,2017-06-17
168,36.39294036911945,20.334214151135974,10.499391702855771,22.12777023298946,2017-06-18
169,36.523494167153515,20.210802155329365,11.431268119986663,22.183778353157763,2017-06-19
170,34.18059621678707,19.777919566978575,12.216109567554076,22.17194008232652,2017-06-20
171,34.461107055236575,20.42217326540288,12.62888508901777,22.203250673937628,2017-06-21
172,32.11095642894556,19.323667453481256,12.532820380748465,22.120214973130516,2017-06-22
173,30.786636782189877,21.153352980739147,13.110511990136711,22.079043139438824,2017-06-23
174,30.139119231020082,20.829011172020454,13.326574446026534,22.018001580675445,2017-06-24
175,33.64409030565849,21.574220393457836,15.559305175680704,22.166443167695558,2017-06-25
176,34.358397138053014,21.014008321230786,16.902773284106242,22.347951806179697,2017-06-26
177,31.329558418574987,21.109863332629246,17.563706533177015,22.440948275650538,2017-06-27
178,29.980109552718126,23.022211237649017,17.96522193850231,22.555484532300227,2017-06-28
179,27.597504640372946,26.99745374901694,19.252056000381035,22.7497114106103,2017-06-29
180,27.163284716896158,27.805982016316356,18.97259020154942,22.928607759151536,2017-06-30
181,24.82745238374679,30.331173115770337,17.734511288459412,23.05768191690534,2017-07-01
182,24.16208436031269,31.48633516119107,19.28099715179781,23.238578438586504,2017-07-02
183,23.988321452049153,30.60547686537494,20.546461465355744,23.40904653729078,2017-07-03
184,20.409998192322035,29.057108021560854,21.238882328155924,23.424094578293136,2017-07-04
185,18.25548210373224,30.616904406414513,23.598472182600343,23.493185775942266,2017-07-05
186,19.08066089991965,31.64434108947523,24.84628029312422,23.65319550116367,2017-07-06
187,20.82803828272034,36.222893467516926,26.67348785361116,24.054336068124993,2017-07-07
188,21.03576641869187,38.41116425788666,29.26005871189001,24.574238046839636,2017-07-08
189,20.825237689665887,42.17274679315666,31.30704367684148,25.221046433435944,2017-07-09
190,20.94720903778012,46.02619014611401,35.16569872877218,26.05306522621243,2017-07-10
191,22.504807341312674,53.48825771044618,41.57709178686859,27.291572235068966,2017-07-11
192,23.285309014697425,58.19153295733786,42.37837733316438,28.61082822751249,2017-07-12
193,24.325289353919217,62.133241624228155,41.24211636673646,29.926553886757016,2017-07-13
194,24.168190918003077,60.197997534455666,40.61100913406792,31.03265212932875,2017-07-14
195,25.53115473007584,55.64687448504629,41.74735046227254,31.969992190212228,2017-07-15
196,26.236193693150707,43.717815804713425,37.95422372287402,32.34704274888202,2017-07-16
197,23.988078172967104,34.493058480170994,32.593768471491174,32.15955153026648,2017-07-17
198,22.31185229507024,30.119111823344404,28.92865911271136,31.684429236795037,2017-07-18
199,21.821738402486744,30.825188638736286,28.23215242677755,31.238998430660917,2017-07-19
200,22.791133012992564,32.96668098627812,29.02528930911634,30.95824689666496,2017-07-20
201,22.435548065747227,32.05093394472034,31.807388765282354,30.751440129082685,2017-07-21
202,20.860256760000123,31.671333907008286,30.553356367873423,30.463288488326878,2017-07-22
203,19.63582992003317,32.23049141804216,28.43437534540183,30.114806421379228,2017-07-23
204,18.933303974418628,34.39124391345365,27.78231286008508,29.824512031584586,2017-07-24
205,18.341257470795295,36.511952136348164,27.17786218006983,29.590629276673713,2017-07-25
206,15.993651053800658,38.687868965061014,26.571587331819313,29.35434825211212,2017-07-26
207,16.749918564991354,36.219469178060685,26.507676576924432,29.0845299937252,2017-07-27
208,16.997661551291678,30.72432606517957,30.148142977365477,28.78965060423307,2017-07-28
209,16.416324398172733,27.425915921027933,29.651480244527974,28.38504072922032,2017-07-29
210,15.649990803106883,28.230462272013973,32.989012457259655,28.124660279458283,2017-07-30
211,14.285759145911985,29.691094320632107,31.85219633927353,27.856132016964082,2017-07-31
212,11.827170296820873,28.88587247297312,29.586238842302386,27.439144187424688,2017-08-01
213,10.840963330464806,28.425341895247055,29.68593674914637,27.01913712216276,2017-08-02
214,10.906517335111477,28.16245781295805,28.112817162168035,26.58308961501749,2017-08-03
215,10.673305442819812,27.0584815940483,24.826281148533756,26.042848479707818,2017-08-04
216,11.07284677297072,26.769547788524427,24.400004981596283,25.543619271459722,2017-08-05
217,11.349386819420415,27.42234300993847,23.012275026637724,25.077050306553314,2017-08-06
218,10.48340508614366,24.36630254058866,20.798623866169354,24.461651486672782,2017-08-07
219,10.826529638140538,22.119027567671324,19.438473708117208,23.80168811344473,2017-08-08
220,11.031240947875883,19.2995841996513,20.326026280141065,23.149666284414263,2017-08-09
221,11.235740069749786,17.456605253404234,21.54508719035343,22.545934258155867,2017-08-10
222,10.612333392098027,17.18069956674136,20.610508843543432,21.941489042987186,2017-08-11
223,9.056129175921829,18.170597352429823,20.394807035708638,21.36945375080519,2017-08-12
224,8.402345708254517,19.193196597712525,21.518198872959385,20.89824113861134,2017-08-13
225,8.539290425007739,19.324071835221773,22.15943921489817,20.500020349434084,2017-08-14
226,8.953834580909854,18.778252556311593,25.363582332010363,20.235908601999714,2017-08-15
227,10.192863609312955,18.98754191112366,26.0566611842112,20.063990703927203,2017-08-16
228,11.217424503064894,17.80872446251387,26.792864909468463,19.92656854427894,2017-08-17
229,11.370734703801922,16.126460544848975,27.231485094069455,19.767837825571036,2017-08-18
230,11.568534062911652,14.814898837244467,26.062922138340458,19.552348568506986,2017-08-19
231,11.695400482398824,15.23860587451654,23.633226389919592,19.298122594301756,2017-08-20
232,11.435034502000615,16.056387496502108,22.86476869290263,19.06123202284034,2017-08-21
233,11.090302831201086,16.964296141037796,23.425973990056402,18.882008839922566,2017-08-22
234,10.793313855128321,17.407735447204576,26.748648081353625,18.828700941534354,2017-08-23
235,11.550898649452098,18.239662818106044,28.375049700216945,18.881480239015584,2017-08-24
236,12.095430009074377,19.513566723311826,28.32211669373573,18.984765392280696,2017-08-25
237,12.752995308351657,21.1526082518217,25.974042186422775,19.07669580501391,2017-08-26
238,12.216380032900672,23.76907158108626,23.418080338001296,19.144997267307158,2017-08-27
239,10.816873404489868,27.31533711814878,20.27261331927608,19.17547467097862,2017-08-28
240,10.002131648565788,28.732484124595214,18.119114725953445,19.1543349777922,2017-08-29
241,9.455766508591303,30.202315872763496,15.845478570241227,19.092758578228985,2017-08-30
242,10.680669853753296,28.725208381064842,16.45125302122391,19.048098480227992,2017-08-31
243,14.1748841831973,28.019027577100864,17.396970007565468,19.1249835448933,2017-09-01
244,17.364223538613402,27.342066953107338,18.171473266395655,19.29791189740436,2017-09-02
245,19.33444449102146,27.882364733220502,19.27623722040236,19.568149066609887,2017-09-03
246,20.32163112576987,26.932452226701628,18.71050764310361,19.796302317942008,2017-09-04
247,20.96421239792155,26.627147973290384,19.01017291925082,20.02296231196416,2017-09-05
248,19.2156591811102,24.12232845866875,18.949463857759426,20.092681691120834,2017-09-06
249,17.176079695427642,20.322441057968703,18.306726462189562,19.9521220269452,2017-09-07
250,13.885113808805745,19.101066102260674,17.37555662826527,19.653749066158856,2017-09-08
251,13.512661286055415,18.26718795967469,15.522995413585164,19.28737857551069,2017-09-09
252,12.914626434151923,18.48800925215449,15.89931245485084,18.955519978761345,2017-09-10
253,11.64179883610169,18.705127595642463,15.932272445705813,18.622807443510084,2017-09-11
254,11.686544184834712,18.29974407021163,17.306634185939398,18.35331854127666,2017-09-12
255,13.020326398788441,18.120709002425667,18.754919386029655,18.191037515737914,2017-09-13
256,14.140729550630178,16.605009098014566,18.683016935167174,18.029373807660484,2017-09-14
257,14.76973815497483,16.21158586767472,19.579046398341163,17.918512661707254,2017-09-15
258,15.027385057610001,16.79324804376408,19.793298499519757,17.851211727542083,2017-09-16
259,13.648072422232529,16.5885618599161,20.9790369394249,17.777740169097907,2017-09-17
260,14.547692192670244,16.65472915110544,22.123484815494965,17.7775103124546,2017-09-18
261,15.67744998377668,17.840675593146837,22.68626441735309,17.867759762000507,2017-09-19
262,15.323537033863374,18.868263339498135,21.82426616684259,17.943582675746534,2017-09-20
263,12.929892607711938,18.766020381378734,21.29468085499787,17.917180456466138,2017-09-21
264,12.303954341731991,18.07757254881805,20.283950459265835,17.82019952059467,2017-09-22
265,12.064291097759284,16.466992068583004,20.86615696223316,17.692512957728166,2017-09-23
266,11.589097834021496,16.490157154530696,21.075784783556863,17.569246677001924,2017-09-24
267,11.646003995594146,17.30718551033602,19.38436076981455,17.431911518135703,2017-09-25
268,12.689631987634826,17.666122987214752,16.601710699117916,17.264154041727963,2017-09-26
269,14.854795103126149,19.390134418446834,16.815623451910405,17.241153470756558,2017-09-27
270,17.247632218972676,18.80635374639471,18.01406972578233,17.314833421315708,2017-09-28
271,17.299465597631027,20.298027776187904,17.420537444602715,17.411420487465495,2017-09-29
272,17.979536834641983,19.912129168174694,18.16693170916712,17.53160195687698,2017-09-30
273,17.258106619210555,20.11543990224754,20.18677757792636,17.68764557808979,2017-10-01
274,16.95621760198317,19.999360420879324,22.01269138627716,17.873223286719867,2017-10-02
275,17.032319900440662,19.786809340683078,24.577996877684075,18.117633312524564,2017-10-03
276,17.080324936144518,20.434630690512556,24.43805688822664,18.356470234181717,2017-10-04
277,17.667131838567023,24.19290008458929,23.797250738595107,18.68919882470105,2017-10-05
278,18.117885335885518,25.488689582575894,25.117714242023965,19.086941027704757,2017-10-06
279,17.971039808218737,24.263660519127207,25.757660067090054,19.424184365880592,2017-10-07
280,17.890581036780944,23.349656894935784,23.502892110486464,19.627525127357995,2017-10-08
281,17.840377730061707,20.640540481395632,21.892366045051514,19.67437131746836,2017-10-09
282,17.467906301962117,19.491403274793885,19.07430749992458,19.580425047089026,2017-10-10
283,17.475399336359537,19.144263051849357,19.086750464370624,19.485053148408596,2017-10-11
284,17.427563495930375,18.47735900932667,19.02989721175974,19.37442490503462,2017-10-12
285,17.7719950290103,17.575997159722608,19.388661611776563,19.267998834916177,2017-10-13
286,17.82871559405278,16.30900651582798,21.21059079716894,19.190827884476715,2017-10-14
287,17.284111721740093,17.224004733161756,23.48927875080966,19.20418091919706,2017-10-15
288,15.159085235008028,17.735285364699276,22.097494638299093,19.121824961299563,2017-10-16
289,14.490613947962093,18.30285832843228,23.864464715896084,19.099590268027796,2017-10-17
290,14.714448685971725,17.678733178512097,24.54012857741241,19.088105513426527,2017-10-18
291,14.718495535450003,19.55251965197766,25.617090473243312,19.170559254764797,2017-10-19
292,14.608350832341628,20.389485575083324,27.405188951375983,19.324272030772043,2017-10-20
293,14.893610438674559,18.768768001586803,27.787106444537013,19.433527895546487,2017-10-21
294,15.946297761687852,19.96318908546931,27.17445427213145,19.583847032635237,2017-10-22
295,17.909437070306634,19.5435493194837,27.236397212077094,19.770446377119118,2017-10-23
296,19.832217486641323,19.03824353111118,27.9816281480792,20.007417804436514,2017-10-24
297,21.27103715403226,19.246843863227532,26.022177562767983,20.212242733823203,2017-10-25
298,22.21227924498219,17.404276322839234,23.064948768667133,20.27650073429328,2017-10-26
299,20.86444844073915,17.2176112306114,21.417255343550764,20.234699009651365,2017-10-27
300,19.370491884434852,17.078540210997836,21.343386144060332,20.14319820728106,2017-10-28
301,19.97584923322566,18.546117396086398,22.043859133391205,20.14747933153887,2017-10-29
302,21.683069583441473,19.830949701886414,21.532037371899154,20.22929920726055,2017-10-30
303,24.1877388153012,18.635326350441947,20.856161043378844,20.32330303999292,2017-10-31
304,26.65293133770031,18.918191944969273,20.467195291690913,20.482580063782688,2017-11-01
305,28.209839911195864,19.402310652534325,19.394145983776408,20.657260172196434,2017-11-02
306,32.357391073595764,19.214317409841236,18.419210562690626,20.909265170971448,2017-11-03
307,33.093782537447424,19.458957875597818,16.100158055650247,21.095464169481506,2017-11-04
308,33.91982911744251,16.664988104914077,15.315593960069974,21.177610870191092,2017-11-05
309,36.92536476557686,17.053389883381275,16.173681824262058,21.38563486892271,2017-11-06
310,37.21707132493552,18.53644451309502,17.019160163166518,21.65638932112493,2017-11-07
311,38.82566712093662,20.244712928798148,16.502945787679476,21.98962970376877,2017-11-08
312,40.45269865832469,21.645131990980946,17.99947727916631,22.4336215557112,2017-11-09
313,40.55272697221331,23.675023064823865,20.199647770939976,22.97183048517171,2017-11-10
314,38.74308542755412,24.303540851071702,19.89588525438784,23.412635836572786,2017-11-11
315,33.93455475578975,23.544418462584208,21.121903118970355,23.675445855554035,2017-11-12
316,28.408229321247852,23.49493514395202,21.546098724432163,23.75158737205227,2017-11-13
317,27.12848507543473,23.06613819877723,21.344657372893586,23.760528493567893,2017-11-14
318,25.309515027273896,21.177549240735367,20.32205611045502,23.619979286385668,2017-11-15
319,26.047898766448434,18.737330177168534,18.482560634145205,23.381392646273998,2017-11-16
320,26.856974571440652,17.219826948312175,16.60073519055603,23.08389923068985,2017-11-17
321,28.85976437228008,18.520629516171525,15.154451795019753,22.87281916567243,2017-11-18
322,28.369902075654778,19.437757669131283,15.838035297465392,22.716547891431976,2017-11-19
323,26.768119069505474,18.139368790198564,14.390030142910021,22.438365900831446,2017-11-20
324,27.21160766856321,16.533797044883013,16.490982834545502,22.21591428246332,2017-11-21
325,25.869023071112483,14.71845487455667,18.89060516128677,21.990604532862417,2017-11-22
326,24.38075015011811,14.033326952755246,21.203677710579147,21.790925406424336,2017-11-23
327,23.977802210039982,13.632207550239608,22.59725181747253,21.628596808893093,2017-11-24
328,23.318632443133644,13.25735186586424,21.820438780361894,21.4246655509571,2017-11-25
329,19.771294304116672,13.559664404237427,19.631144683372025,21.069184268657576,2017-11-26
330,16.764974117260465,13.527965424533589,15.918110639060238,20.535061606049222,2017-11-27
331,14.934875437691018,13.905969582833128,14.745627212542953,19.96881554031481,2017-11-28
332,13.745382954112173,13.543226813500787,13.63204498783599,19.37217857760579,2017-11-29
333,14.204277366753967,12.726710430118176,12.507469105709271,18.78521163403761,2017-11-30
334,15.046744202328036,13.299872968377063,12.986450534914173,18.31312077115939,2017-12-01
335,14.799336931598539,13.658898805190896,12.196309430444675,17.864214032090054,2017-12-02
336,13.500239174197565,12.560518722016887,12.270097796586983,17.3846055991214,2017-12-03
337,12.09827836972319,11.880530779780429,12.519634478239118,16.89262852678371,2017-12-04
338,11.118570741655631,11.152985060969332,11.857487320336828,16.372573784264862,2017-12-05
339,11.315152191965257,11.792820314962297,13.848671165118164,15.990406503483861,2017-12-06
340,10.116516743798963,12.26404004030488,13.657095923321535,15.615388853333462,2017-12-07
341,10.187585422547407,12.165242391591978,14.457313533509112,15.3000022925416,2017-12-08
342,11.66232055245848,12.571369829185642,15.089026555700393,15.093308027660436,2017-12-09
343,13.519823615769353,13.357543562828548,14.902484113188338,14.983316681805945,2017-12-10
344,13.934530405479588,15.386252771009648,14.32634823466176,14.942375026150154,2017-12-11
345,14.276083771780614,16.268870391705825,14.020826053607578,14.934162147519439,2017-12-12
346,15.351057234895913,16.74354536145816,16.67919280337198,15.058962299705337,2017-12-13
347,15.541406020399812,16.30975001269156,18.802611752665324,15.23107572012385,2017-12-14
348,16.33396650354644,17.5058163600071,21.15053397836719,15.523240902852615,2017-12-15
349,17.404272249667887,17.14556641054319,21.99280745284006,15.83664446123673,2017-12-16
350,19.152573379629203,17.28221270689343,24.614523415607607,16.262125384102536,2017-12-17
351,19.921279534092545,17.265179531664987,23.89614223899746,16.64853973435544,2017-12-18
352,21.17462416118389,17.096680051026784,23.88437352045418,17.032246260120036,2017-12-19
353,23.040576417080874,18.23467453823162,23.14687039983297,17.451002340597487,2017-12-20
354,24.00658034679077,18.495152511943854,21.27402119658273,17.809967252051177,2017-12-21
355,23.5551517826844,18.259179984550894,18.831426898418297,18.036728768259053,2017-12-22
356,23.787217609199253,19.08786710835168,17.74005505309881,18.241149827224476,2017-12-23
357,24.130076268684554,20.659662088273947,17.704715540125875,18.48535710098246,2017-12-24
358,25.441358426718853,23.09569425198511,17.1177136000601,18.80585563151916,2017-12-25
359,27.31062101108275,25.044165254078006,17.407103772750702,19.22520692779708,2017-12-26
360,30.68594106473735,26.22275125464392,17.986929382127137,19.766353123774497,2017-12-27
361,33.903907490617904,27.13743819547566,17.25140775869257,20.363238416887302,2017-12-28
362,35.2471963887048,26.390620251533,17.448854644701058,20.9288007733257,2017-12-29
363,34.08579566879156,25.7124536438278,16.898025520360743,21.365924710353074,2017-12-30
364,35.46579335733318,24.26222353591941,17.802687080008404,21.78806051159401,2017-12-31
365,38.369941465478675,22.984168688902823,18.393652546769633,22.24007095397,2018-01-01
366,39.343801222783014,20.32486195361522,19.939887364787257,22.645092704013837,2018-01-02
367,41.740944655331226,19.74224685524693,19.435275049453573,23.053095181696403,2018-01-03
368,42.86249699263372,18.87210582075872,19.956552453020805,23.446914767445907,2018-01-04
369,42.22572969879459,17.34979485804492,21.32965587284947,23.77890687651414,2018-01-05
370,43.109950371668674,15.5262700653482,19.62659630224825,23.996562530574366,2018-01-06
371,45.056417458830815,14.546239689870646,19.68588947642273,24.225932425482142,2018-01-07
372,46.49790747780813,13.202562086763367,21.103474342459617,24.481300201477385,2018-01-08
373,53.43256017566218,13.206073827353539,20.88975710556875,24.92391158662448,2018-01-09
374,57.03035473489891,13.612720282899867,20.16003594430656,25.427704721675557,2018-01-10
375,51.518424247126966,14.378859185255838,18.246797017421173,25.674739087233487,2018-01-11
376,47.74005835372871,15.8091565222815,17.80068049964593,25.810675447952672,2018-01-12
377,46.10576760736441,16.332174272612463,18.605970083254206,25.924180561716796,2018-01-13
378,43.24741377430242,15.007296678602321,21.0189195810613,25.97135293143096,2018-01-14
379,42.48710918357531,15.251696401937183,24.478742673078454,26.10659200395526,2018-01-15
380,41.50957728604781,16.59917274347876,26.195236803652207,26.294648493457146,2018-01-16
381,33.41349854906352,17.16618330798902,26.5811597170097,26.240499185997354,2018-01-17
382,29.822551882484856,15.703194254903165,26.590649012097607,26.032930901918814,2018-01-18
383,28.436825159539787,14.740298313417679,26.509839668369015,25.768585412528477,2018-01-19
384,30.717631580767936,12.910395718159783,24.96176489178082,25.494682361612785,2018-01-20
385,33.43280751580332,12.898847630190735,22.94881085259142,25.268306618616197,2018-01-21
386,35.73215838821722,13.251543562122873,21.98442722262796,25.11630831784804,2018-01-22
387,38.352926559226255,12.858319583949852,22.284124690823486,25.05805955435498,2018-01-23
388,45.78714257683175,12.669247595121638,23.86957007230319,25.28280747484152,2018-01-24
389,47.62782640260876,11.466238194500493,23.48227823694887,25.49423536928649,2018-01-25
390,45.87994885744464,11.727912907534147,21.07412494015223,25.563348741275238,2018-01-26
391,44.10549686631606,12.351915910829046,19.808373558832827,25.550016185399873,2018-01-27
392,43.25865874366599,13.571260167148875,18.89170975091433,25.52084017684149,2018-01-28
393,41.311994614561776,12.972758006641175,18.86415637910987,25.413565914609876,2018-01-29
394,41.12511856243358,12.172846537057854,20.760693091893035,25.34499435013129,2018-01-30
395,37.73922650098345,12.239789336023943,23.135072184342956,25.25320392332863,2018-01-31
396,38.120610599905305,12.44352803913304,23.713929721365563,25.206645762032178,2018-02-01
397,42.148157788675896,11.43978766255301,22.002818806895938,25.205728986639016,2018-02-02
398,42.96600178534181,10.821294802371014,22.878352853094317,25.238677386924042,2018-02-03
399,44.31493647747206,12.0898539448295,26.325400394878564,25.459100445723294,2018-02-04
400,44.612604485285196,12.967858685006867,28.201871302902024,25.754657799570257,2018-02-05
401,45.47969748738033,12.85110757222402,27.71469257730323,26.030621108688553,2018-02-06
402,42.542387214388704,12.242923521337161,28.527932047771692,26.194705282933352,2018-02-07
403,38.72803605862987,11.638456820669425,29.74086376760803,26.242573803229774,2018-02-08
404,36.30226877883311,10.761565746368996,32.02556189577345,26.253939601493567,2018-02-09
405,38.74656964710076,11.16953714393185,35.94122322377568,26.476919200521582,2018-02-10
406,42.156120746189806,12.114843636513983,38.776480080780665,26.904829647924114,2018-02-11
407,42.839884347608084,11.876789202648455,41.085493930361906,27.37896666366343,2018-02-12
408,42.65733235825162,10.787752391590077,42.626092147880414,27.81685751962968,2018-02-13
409,39.92338672362968,10.54901481768382,46.23664981973965,28.233511119263913,2018-02-14
410,40.36419087357182,10.869583750532602,49.065901258086754,28.72372111853906,2018-02-15
411,43.149452055586714,10.79120323937658,53.579214251449386,29.39461371599728,2018-02-16
412,46.03604639355335,9.332240164979863,51.60434122830467,29.98505970174317,2018-02-17
413,51.03791911552798,8.373498684305082,52.87396961177447,30.686796440192836,2018-02-18
414,52.028252342205654,7.651101864696806,47.76492493258891,31.1702420273578,2018-02-19
415,48.632365228421094,6.840961935579915,45.5812897535942,31.4073121557465,2018-02-20
416,50.96088967885904,6.068007013371513,43.88263532809644,31.617535674513686,2018-02-21
417,51.741158489310656,6.002721349001716,42.4075138426361,31.784052404482907,2018-02-22
418,54.28047971891564,5.932823024659032,40.00214754815221,31.936883554826498,2018-02-23
419,47.87855851956997,5.421569456035061,38.855723150422314,31.822029852048086,2018-02-24
420,49.16705832999746,4.742659797036198,40.96937071665932,31.80358309329996,2018-02-25
421,49.75988656395859,4.5927951078515195,46.06799119646555,31.96102217270992,2018-02-26
422,51.180999561366185,4.549055300300726,54.10425953950457,32.39944634916296,2018-02-27
423,52.147283558041465,4.252660484043949,59.24358804457038,32.97909475305547,2018-02-28
424,48.94786858098972,4.515537017551824,59.868666780135335,33.431457378923774,2018-03-01
425,47.331469052502904,4.526750582614098,59.112324357369914,33.76696083300567,2018-03-02
426,47.197938334426496,4.223178321582811,59.540911432252585,34.070566634727975,2018-03-03
427,49.283095483116114,4.079850252440091,59.36418902734899,34.401018857111914,2018-03-04
428,50.728252777238055,3.916682350571482,55.78911920224994,34.62825618124805,2018-03-05
429,48.51218073018671,4.043411417026935,53.10047925891247,34.68392016236279,2018-03-06
430,47.74280599905107,4.3664472848607785,51.35748030153938,34.66553543149832,2018-03-07
431,52.795884518140056,4.7201608107090305,49.11485031068862,34.74831914707141,2018-03-08
432,52.18125028720807,5.341166495359003,50.164228740488575,34.85647572743895,2018-03-09
433,52.23527404222202,5.131815441440711,52.7511299632252,35.03084899492713,2018-03-10
434,56.85041764943212,5.274721611030028,55.975806136365115,35.43964370695476,2018-03-11
435,65.35761970025284,5.010720162535569,55.42955243252125,36.05177873477887,2018-03-12
436,68.03691681502882,5.471919644701603,53.69782302279557,36.65047505130935,2018-03-13
437,65.52010151513589,5.162900536883662,50.369831667106205,36.99934175832139,2018-03-14
438,59.502289446729904,4.812879892592602,44.97619961512468,36.94570932356833,2018-03-15
439,52.701418664849456,4.024699372614603,43.07056390299118,36.59875839136031,2018-03-16
440,48.47529840832653,3.561856755906996,46.15283202480776,36.234025623784525,2018-03-17
441,49.00086767356132,3.7010642014014428,47.412223724970566,35.964146374098,2018-03-18
442,47.13899803942222,4.088184934077759,52.862005331026836,35.84462752376987,2018-03-19
443,47.826029947294614,4.406158344310129,60.785897171902064,36.016971041473084,2018-03-20
444,47.980132082390234,4.947777102575912,57.4765650683251,36.090932747860066,2018-03-21
445,53.115273713902546,5.423017857968002,56.99182040446649,36.31899706319725,2018-03-22
446,61.90139927854596,6.049193501742449,54.89532542525147,36.75546277865379,2018-03-23
447,63.56669150580616,6.684139598969167,52.80374720298621,37.15733734239992,2018-03-24
448,58.03988730929531,6.214733193063157,51.85776560075935,37.303163163840686,2018-03-25
449,56.168195156843595,6.1050240108862885,55.87334152870207,37.49916590348202,2018-03-26
450,55.6251467059315,6.273036224054981,59.980961370140314,37.79398832469739,2018-03-27
451,53.706283114882616,6.7621172453675475,61.199792343423546,38.05438672050398,2018-03-28
452,50.65625857677331,6.328075257869672,62.10502056084344,38.20919456767177,2018-03-29
453,49.893402840579206,6.2053561364620435,64.07796152914993,38.383578662439014,2018-03-30
454,50.37807921810214,5.773737084444352,62.64300386337194,38.49809563026315,2018-03-31
455,51.291309708058265,5.78584526662649,62.33948898641093,38.62135744760883,2018-04-01
456,56.16651058238639,5.827795601863752,64.0405227382865,38.94097800160844,2018-04-02
457,58.57999106040417,5.149757902664797,68.70422168011065,39.431561778710424,2018-04-03
458,59.92815013617799,4.650914124862012,75.41116522129144,40.11335391334523,2018-04-04
459,52.15739537435582,4.525461229079955,72.97271658021424,40.406098008149094,2018-04-05
460,48.67438837194524,4.296088262520252,72.09483633604566,40.52699229139651,2018-04-06
461,42.418356517564035,3.9960171225450507,61.875298854753304,40.1093071333845,2018-04-07
462,42.01903979100929,3.5742280595667077,64.36675648295041,39.78349135180763,2018-04-08
463,40.8419143516981,3.486203331874042,63.17260688603096,39.41110769816971,2018-04-09
464,35.54800764769937,3.4616626146458405,56.69372566888892,38.703094705718165,2018-04-10
465,31.263158384395343,3.076702232790595,48.30627308419743,37.65150030458995,2018-04-11
466,29.44141895679421,2.9340902092312957,40.20410428050921,36.3827014892006,2018-04-12
467,31.479154000962378,2.828060490341583,39.90748114687967,35.28490356279779,2018-04-13
468,33.26218474777866,2.506504924250647,38.047008306634986,34.27806332317266,2018-04-14
469,32.84995012654364,2.4891464769823717,35.23983467480997,33.26442745729785,2018-04-15
470,29.811635110670913,2.6603896937337055,35.4857992011924,32.263984003546724,2018-04-16
471,28.285880869492313,2.7939053931275795,39.0826031166645,31.42713814116705,2018-04-17
472,29.26045416815282,2.547358416938419,36.02956979103083,30.596122659995473,2018-04-18
473,28.01600967866066,2.1875290120301623,34.853647881425566,29.756083382318547,2018-04-19
474,25.303831849964386,1.9978123562221572,33.40115877179898,28.858401486400727,2018-04-20
475,24.396100241137965,2.0722506446862914,33.17555626628262,28.012073477489974,2018-04-21
476,24.716871006240257,2.131548849654048,33.855236094013996,27.278837249909298,2018-04-22
477,26.337026076172787,2.065950132608877,36.36521370937374,26.742457636760957,2018-04-23
478,28.73203700313598,1.9206842983621084,36.866825498550696,26.343108543146183,2018-04-24
479,31.45175453544173,1.717434470927531,36.59041362159998,26.05180337052381,2018-04-25
480,30.7410141251394,1.5749380572344258,35.12572917455111,25.715119674170978,2018-04-26
481,29.369739454657534,1.4853405210368054,37.12322329973929,25.427040865729936,2018-04-27
482,28.39501100367851,1.4324329111382559,41.238554670224495,25.263153271638377,2018-04-28
483,29.028143565895572,1.3501526527205723,45.19429769241215,25.25633816405019,2018-04-29
484,28.04091258239732,1.3362546436683602,53.281081523608336,25.47283541799249,2018-04-30
485,29.289666525735036,1.3452640596789462,55.08075243444841,25.76500333738528,2018-05-01
486,31.842979005452744,1.4668533857500703,54.01936599572218,26.08033217473826,2018-05-02
487,36.33571132075714,1.6639144688848073,50.538630069673,26.40392813415077,2018-05-03
488,33.25217531628239,1.6240874143403665,43.94363505087496,26.391612922601563,2018-05-04
489,33.01863911350631,1.627969627917721,41.584685367518006,26.29911072109719,2018-05-05
490,33.34843666273943,1.643170734499924,39.16448939607993,26.15011528858274,2018-05-06
491,35.92463446019054,1.9157136961268908,40.01164690935291,26.131311848277374,2018-05-07
492,35.657866587441916,2.408557237132847,40.847471474624726,26.14765181506804,2018-05-08
493,37.02606744634694,2.829779839421111,44.93963597347104,26.34728283005765,2018-05-09
494,41.087995598737166,3.0016902005134485,48.351146128640345,26.7683518504232,2018-05-10
495,47.01189827835475,3.072035553996503,50.321148993581474,27.400004156973456,2018-05-11
496,52.568367292783414,3.1171966855071256,52.69556544289946,28.222757414156643,2018-05-12
497,55.16952578984764,3.286658389223476,47.97906707919461,28.906794421374528,2018-05-13
498,53.64817287453676,3.2642621561928826,47.82809961284456,29.47308570186263,2018-05-14
499,48.25397942988043,3.260967558215739,45.98139446716877,29.758337119080963,2018-05-15
